{
    "hematology": {
        "hemoglobin": {
            "adult_male": {
                "range": "13.5-17.5 g/dL",
                "critical_low": "<7 g/dL",
                "critical_high": ">20 g/dL"
            },
            "adult_female": {
                "range": "12.0-15.5 g/dL",
                "critical_low": "<7 g/dL",
                "critical_high": ">20 g/dL"
            }
        },
        "hematocrit": {
            "adult_male": {
                "range": "41-53%",
                "critical_low": "<20%",
                "critical_high": ">60%"
            },
            "adult_female": {
                "range": "36-46%",
                "critical_low": "<20%",
                "critical_high": ">60%"
            }
        },
        "platelets": {
            "range": "150,000-400,000/mm³",
            "critical_low": "<50,000/mm³",
            "critical_high": ">1,000,000/mm³"
        },
        "wbc": {
            "range": "4,500-11,000/mm³",
            "critical_low": "<3,000/mm³",
            "critical_high": ">30,000/mm³"
        }
    },
    "metabolic": {
        "sodium": {
            "range": "135-145 mEq/L",
            "critical_low": "<120 mEq/L",
            "critical_high": ">160 mEq/L"
        },
        "potassium": {
            "range": "3.5-5.0 mEq/L",
            "critical_low": "<2.5 mEq/L",
            "critical_high": ">6.5 mEq/L"
        },
        "calcium": {
            "range": "8.5-10.5 mg/dL",
            "critical_low": "<6.5 mg/dL",
            "critical_high": ">13 mg/dL"
        },
        "glucose": {
            "fasting": {
                "range": "70-100 mg/dL",
                "critical_low": "<40 mg/dL",
                "critical_high": ">500 mg/dL"
            }
        }
    },
    "coagulation": {
        "pt": {
            "range": "11-13 seconds",
            "critical_high": ">40 seconds"
        },
        "ptt": {
            "range": "25-35 seconds",
            "critical_high": ">100 seconds"
        },
        "inr": {
            "normal": "0.8-1.2",
            "therapeutic_warfarin": "2.0-3.0"
        }
    },
    "cardiac": {
        "troponin": {
            "range": "<0.04 ng/mL",
            "significant_elevation": ">0.4 ng/mL"
        },
        "ck_mb": {
            "range": "<5% of total CK",
            "significant_elevation": ">10% of total CK"
        }
    },
    "arterial_blood_gas": {
        "ph": {
            "range": "7.35-7.45",
            "critical_low": "<7.2",
            "critical_high": ">7.6"
        },
        "pco2": {
            "range": "35-45 mmHg"
        },
        "po2": {
            "range": "80-100 mmHg",
            "critical_low": "<60 mmHg"
        },
        "hco3": {
            "range": "22-26 mEq/L"
        }
    }
} 